Date,Open,High,Low,Close,Volume,RSI_14,MACD,MME_9,MME_20,MME_50,MME_200,SMA_20,VWAP,ATR_14,MACD_Signal,MACD_Hist,BB_Media,BB_Superior,BB_Inferior,BB_Largura,DI_Plus_14,DI_Minus_14,ADX_14,Stoch_K,Stoch_D,Ichimoku_Tenkan,Ichimoku_Kijun,OBV,Pivot,Ichimoku_Senkou_A,Ichimoku_Senkou_B,Resistencia_1,Suporte_1,SuperTrend,SuperTrend_Direcao
2026-02-12T03:00:00.000000,37.55014770263952,37.55014770263952,36.316568581234904,36.62249755859375,39856000,,0.0,36.62249755859375,36.62249755859375,36.62249755859375,36.62249755859375,,36.82973794748939,1.2335791214046168,0.0,0.0,,,,,0.0,0.0,NaN,,,,,0,,,,,,33.23262077772336,1
2026-02-13T03:00:00.000000,36.67183758838585,36.67183758838585,36.05011269750051,36.4053840637207,27507000,0.0,-0.01731959503261038,36.57907485961914,36.60182008289156,36.613983303892844,36.62033722531143,,36.64436804012119,1.189875247796097,-0.003463919006522076,-0.013855676026088304,,,,,0.0,1.599542738546558,NaN,,,,,-27507000,36.82973794748939,,,37.34290731374388,36.10932819233926,33.23262077772336,1
2026-02-18T03:00:00.000000,36.58302018321468,36.89881612038085,36.36590906469373,36.70144271850586,32276700,9.49351991730937,-0.007074489391165173,36.60354843139648,36.611307952950064,36.61741308485806,36.62114424514421,,36.64793820278981,1.1429489483597415,-0.004186033083450696,-0.0028884563077144773,,,,,1.418501876975727,1.5462715421091155,NaN,,,,,4769700,36.375778116535685,,,36.70144353557086,36.07971864468552,33.23262077772336,1
2026-02-19T03:00:00.000000,37.00737212163648,37.73765258792064,36.948158970991415,37.31330108642578,48355000,25.28109984428764,0.049842138274705405,36.745498962402344,36.678164441852516,36.64470281040973,36.62803137789328,,36.87178391388083,1.1353247284351016,0.006619601188180525,0.04322253708652488,,,,,6.60353705081225,1.4454657806384874,NaN,,,,,53124700,36.65538930119348,,,36.94486953769323,36.41196248200611,33.93693159415073,1
2026-02-20T03:00:00.000000,37.17513704717168,37.47119903564453,36.95802969076538,37.47119903564453,51949800,28.73585470838715,0.10646278395316955,36.890638977050784,36.753691546023184,36.677114427085606,36.636421105831104,,36.983080535768735,1.0908850581811051,0.02658823774117833,0.07987454621199122,,,,,6.381650849535545,1.3968965201537762,NaN,,,,,105074500,37.333037548445944,,,37.71791612590047,36.928422508971245,33.94195918866164,1
2026-02-23T03:00:00.000000,37.471199417977154,38.73438319390099,37.35277311554584,38.08305358886719,55061500,40.26221681205218,0.19841934781641157,37.129121899414066,36.88029745486547,36.73224929617508,36.65081545889614,,37.21490690528596,1.1116511310506798,0.06095445975622499,0.13746488806018659,,,,,13.931646874966841,1.2728875279210383,NaN,,,,,160136000,37.30014258735148,,,37.64225548393758,37.12908613905843,34.70862476157137,1
2026-02-24T03:00:00.000000,38.34950652335686,39.13899637097568,38.34950652335686,39.05017852783203,43263600,53.158650894451775,0.34535346736667805,37.51333322509766,37.086952795148,36.82314848173025,36.67468971828854,,37.451527687751856,1.1076719632690952,0.1178342612783156,0.22751920608836246,,,,,15.592162713645699,1.1862130532367459,NaN,,,,,203399600,38.05673663277133,,,38.76070014999683,37.37909007164168,35.42123555735898,1
2026-02-25T03:00:00.000000,39.415316876496135,39.44492533393372,38.51727146897012,39.05017852783203,26012300,53.158650894451775,0.4565371397508784,37.820702285644536,37.27392667445124,36.910482993342086,36.698326422861115,,37.576069421142236,1.0948135276758453,0.18557483697282817,0.2709623027780502,,,,,16.64444669258229,1.1144203235233947,NaN,,,,,203399600,38.846227140721524,,,39.34294775808619,38.553457910467365,35.696657818424384,1
2026-02-26T03:00:00.000000,38.783724059584145,39.27715567297474,38.45806115233027,39.08965301513672,29919100,53.63249723315843,0.5415931140847334,38.07449243154297,37.44685299261176,36.9959406412556,36.72212071731162,,37.691416759130995,1.0751193128878904,0.2567784923952092,0.2848146216895242,,,,,15.738675124346328,1.447155226475043,NaN,,,37.74751901571712,,233318700,39.00412511024528,,,39.490978751520444,38.56332488655685,35.696657818424384,1
2026-02-27T03:00:00.000000,39.395581152040364,39.74098556599322,38.81333541870117,38.81333541870117,38799000,49.83238408960559,0.5800179795698526,38.222261028974614,37.57699417604885,37.06721102468484,36.74292882379311,,37.8327058721783,1.064585801059616,0.3214263898301379,0.2585915897397147,,,,,17.87116143115568,1.3570830555721267,NaN,,,37.89554913174686,,194519700,38.94162328014724,,,39.425185407964214,38.60609088731974,36.08340308916834,1
2026-03-02T03:00:00.000000,40.75745229630417,40.98443039664411,39.98770015040484,40.58968734741211,83817000,66.3426375555763,0.7452163274161023,38.695746292662115,37.863917335226304,37.2053473510663,36.78120502800822,,38.30519683215871,1.143622170836996,0.40618437734733076,0.33903195006877157,,,,,23.21411574979414,1.173058978281453,NaN,,,38.67516973066892,,278336700,39.12255213446518,,,39.43176885022919,38.50411870293714,37.055198761013486,1
2026-03-03T03:00:00.000000,41.15219961610922,41.448257847819576,40.214678745205894,40.412052154541016,93893800,64.07182111741518,0.8519824098880804,39.0390074650379,38.1065968418277,37.33110048061433,36.81733286011303,,38.69782015235768,1.150047665963902,0.4953439838554807,0.3566384260325997,,,,,24.316324539429196,1.0831831357050552,NaN,,,39.198208409405495,,184442900,40.52060596482035,,,41.053511779235855,40.05678153299659,37.381325298621036,1
2026-03-04T03:00:00.000000,40.41204955900141,40.62915690719972,39.40544862416932,39.967960357666016,50915600,58.665515306703206,0.8904957225027346,39.224798043563524,38.28386955762183,37.43450675030263,36.84868238745186,,38.80454794927428,1.1553091386115093,0.5743743315849315,0.3161213909178031,,,,,22.47661361844965,6.004408439221139,NaN,,,39.20314376929248,,133527300,40.691662915855495,,,41.168647086505096,39.935067983891415,37.381325298621036,1
2026-03-05T03:00:00.000000,39.997566203398414,40.23441503913798,39.45479217036822,40.15546417236328,53107600,60.19279055641823,0.9254794401395969,39.41093126932348,38.46211666378768,37.54121096293246,36.88158568879426,,38.89456546623511,1.1284744050513842,0.6445953532958646,0.28088408684373234,,,,,21.367449783059794,5.708106122210757,NaN,76.0511501736873,,39.4005154816827,,186634900,40.000855296345016,,,40.596261968520714,39.37255368549031,37.381325298621036,1
2026-03-06T03:00:00.000000,41.34957260121386,42.55354323309497,40.87587491783566,41.60615539550781,87228000,69.56311368446723,1.0580662174547797,39.84997609456035,38.7615489239515,37.70062054852365,36.92859633264216,,39.21326794739229,1.2191604518856918,0.7272895261276476,0.33077669132713206,,,,,31.952719179498004,4.906120405205033,NaN,85.43249086152406,,40.45152487822591,,273862900,39.948223793956494,,,40.441655417544766,39.66203254877501,38.05722771980824,1
2026-03-09T03:00:00.000000,42.68183542091375,43.68843638432475,42.109452930811905,42.593017578125,107124400,74.03989152454977,1.2286110607742486,40.398584391273275,39.12645070053945,37.89247925556684,36.98495873309472,,39.65499827619337,1.2808119188093523,0.8275538330569678,0.4010572277172808,,,,,34.57130234677033,4.336396896313106,NaN,85.04042718607501,82.17468940709546,41.07324876832751,,380987300,41.67852451547948,,,42.4811741131233,40.80350579786399,39.05650890114027,1
2026-03-10T03:00:00.000000,41.754185120225976,42.53380422024623,41.477860852575276,42.36603927612305,56706200,71.43731814976533,1.3301210186480503,40.79207536824323,39.43498294583313,38.06791298186316,37.0385018230751,,39.80634484078523,1.268979405005093,0.9280672701751843,0.402053748472866,,,,,32.401255852772536,7.619318894779399,NaN,80.38067238025256,83.61786347595056,41.07324876832751,,324281100,42.79696896442056,,,43.48448499802921,41.90550154451636,39.05650890114027,1
2026-03-11T03:00:00.000000,42.681834317647294,44.290422422315096,42.66209660147282,44.21147155761719,73234300,78.1593577634138,1.5417075093105552,41.47595460611802,39.8898866231459,38.308836847579,37.109874656254625,,40.09333532306195,1.3157939579470186,1.0507953180022584,0.4909121913082968,,,,,38.55231603553999,6.8233579261175885,NaN,98.9232591926207,88.11478625298275,41.55187892050813,,397515400,42.12590144964818,,,42.77394204672109,41.71799867905013,39.528877638052904,1
2026-03-12T03:00:00.000000,44.793723887514275,45.4845289396798,43.619357934042156,44.40884780883789,86124400,78.73577002647603,1.7056561985673255,42.062533246662,40.320263878926085,38.5480529637068,37.182501254787795,,40.44341271804583,1.3550351756392058,1.1817674941152718,0.5238887044520537,,,,,41.05641495493273,6.152488184996094,NaN,86.77184664535265,88.69192607274198,42.44498878192456,,483639800,43.7213301938017,,,44.78056378613058,43.1522379652883,40.48683790994336,1
2026-03-13T03:00:00.000000,44.02397008834084,44.744379807511685,43.70817415019977,44.08317947387695,42520400,75.2087998580614,1.7886891084603036,42.46666249210499,40.67863679273093,38.76511674841936,37.251164719654355,39.9497049331665,40.584252213972206,1.3322616386158281,1.3031518169842782,0.4855372914760254,39.9497049331665,45.09555429848071,34.803855567852295,0.2576163891033943,38.77549825701233,5.810682573124726,NaN,80.35956463714888,88.68489015837407,42.44498878192456,,441119400,44.50424489418661,,,45.38913185433107,43.52396084869343,40.48683790994336,1
2026-03-16T03:00:00.000000,44.29042375181492,45.38584256258164,44.21147288474708,45.25754928588867,40474100,78.88237414666084,1.927041383454771,43.024839850861724,41.11472369684119,39.01972194596718,37.33083023772634,40.38145751953125,40.735573516814746,1.3301474564793179,1.4279297302783767,0.4991116531763944,40.38145751953125,45.79398847478601,34.968926564276494,0.2680701137464831,39.50768696044384,5.404209823950628,NaN,96.76964784212375,87.96701970820841,42.44498878192456,,481593500,44.17857781052946,,,44.648981470859155,43.61277581354724,40.808215354226405,1
2026-03-17T03:00:00.000000,45.247677549496515,46.639154551977825,45.19833514095721,45.77071762084961,51025600,80.25895305608647,2.054412960288289,43.5740154048593,41.558151689603896,39.28446687439394,37.41480921666289,40.849724197387694,40.95043805595762,1.3380525960894103,1.553226376280359,0.5011865840079299,40.849724197387694,46.43170789598924,35.26774049878615,0.27329358071692983,43.1594629434985,4.988547623187843,NaN,89.38483050241638,88.83801432722969,43.04697336117302,,532619100,44.95162157773913,,,45.69177027073118,44.51740059289663,41.90458705819929,1
2026-03-18T03:00:00.000000,46.086513955665296,46.530603165567996,45.938482964169566,46.382572174072266,55074700,81.78367229431399,2.1796023029615057,44.13572675870189,42.017620307172315,39.562823944969566,37.50404068887592,41.333780670166014,41.18095714568539,1.2967549495629087,1.6785015616165884,0.5011007413449173,41.333780670166014,47.0778124228033,35.58974891752873,0.2779340123021083,41.35296169977977,4.7797448051954925,NaN,96.72133519142388,94.29193784532134,43.75751473490674,,587693800,45.869402437928215,,,46.54046973489922,45.099650323878606,42.34427821618006,1
2026-03-19T03:00:00.000000,46.579947024233725,47.49773016506839,46.07664464915169,46.165462493896484,84865000,79.43906822195889,2.2355270578856263,44.54167390574081,42.41265289638414,39.821750946888265,37.59022399041841,41.77638874053955,41.51807834905808,1.3056357043024653,1.789906660870396,0.4456203970152304,41.77638874053955,47.57990643543352,35.97287104564558,0.27783721235159187,43.428940305077376,4.408145520535137,NaN,83.53656302689777,89.88090957357934,44.48779550882183,,502828800,46.283886101269935,,,46.629289238370305,46.037169036971875,42.870280294202644,1
2026-03-20T03:00:00.000000,46.175331178449156,46.62928735822473,44.329894238109624,45.07004165649414,78125700,68.73247326872801,2.166482658812477,44.64734745589148,42.66573754020414,40.027566268833596,37.66465003684702,42.15633087158203,41.7259985020578,1.3766183768605111,1.8652218604588122,0.3012607983536646,42.15633087158203,47.76478791510254,36.54787382806152,0.26607899347811703,38.24749567494353,12.945576517469718,NaN,69.99994999797639,83.41928273876601,44.48779550882183,,424703100,46.57994576937219,,,47.08324688959269,45.662161373675985,42.870280294202644,1
2026-03-23T03:00:00.000000,43.83646536389448,45.573346855690346,43.7377805411131,45.425315856933594,65252400,70.13819896947876,2.1160397449433574,44.8029411360999,42.928554522749806,40.23924272326889,37.74187059227077,42.52344398498535,41.864371466913525,1.4094003724117061,1.9153854373557213,0.20065430758763614,42.52344398498535,47.9680838154152,37.0788041545555,0.2560770869053929,34.68945698942935,14.742131087529478,NaN,74.390234723537,75.97558258280372,45.07991338327061,41.77392143128445,489955500,45.3430744176095,,,46.35625459710938,44.05686147699427,42.870280294202644,1
2026-03-24T03:00:00.000000,45.790455014181035,47.32009225561627,45.76084655759874,46.649024963378906,57455300,74.40633911454438,2.150022350888335,45.17215790155571,43.28288504090496,40.49060673268497,37.83049899397334,42.9033863067627,42.037932539533834,1.444070088573918,1.9623128200622442,0.187709530826091,42.9033863067627,48.38789484033859,37.41887777318681,0.25566786240886485,40.0782820722841,13.36046872561254,NaN,89.4478211538031,77.94600195843883,45.55854404955527,41.77392143128445,547410800,44.912147751245676,,,46.08651496137825,44.25094864680101,42.870280294202644,1
2026-03-25T03:00:00.000000,45.88914003874126,46.925345673795945,45.69176664049645,46.87600326538086,40532900,75.1167674997676,2.170251751707056,45.512926974320735,43.62508677656933,40.741014439849515,37.92050401159929,43.294677543640134,42.150878538643084,1.4290350131971732,2.0039006063912064,0.1663511453158497,43.294677543640134,48.73819632591719,37.85115876136308,0.25146364824129247,37.60709757173176,12.881963885616527,NaN,90.6109862497017,84.81634737568059,45.60295215763408,41.931819614881064,587943700,46.57665459219797,,,47.3924626267972,45.83321692877967,42.870280294202644,1
2026-03-26T03:00:00.000000,46.97469087760119,47.83326464637083,46.89574377235592,47.38917541503906,59986800,76.69203961282825,2.2023055933274236,45.8881766624644,43.98357140880454,41.001726634954984,38.01471964745441,43.70965366363525,42.33952580724699,1.3953368966109443,2.04358160377845,0.1587239895489736,43.70965366363525,49.06817049323053,38.35113683403997,0.2451868811787617,40.41195398997277,12.250707910858274,NaN,93.01241517076684,91.02374085809055,45.785522593741966,42.39071180868112,647930500,46.49770519322442,,,47.303643745952385,46.07006471265289,43.17849351953054,1
2026-03-27T03:00:00.000000,47.86286842691412,48.79051854220591,47.49773007238011,48.76091384887695,54170900,80.28490239082639,2.3117479301358372,46.462724099746914,44.43855640309715,41.30600848648134,38.121646952941205,44.20703258514404,42.52940741708857,1.395765913079223,2.0972148690499273,0.21453306108590997,44.20703258514404,49.4982103206049,38.915854849683186,0.23938171942529246,42.412615686994016,11.37216081081706,NaN,99.59515822310492,94.40618654785783,46.264149541659506,42.874274116485644,702101400,47.372727944588604,,,47.84971211682129,46.91219124280638,43.95682656805534,1
2026-03-30T03:00:00.000000,49.09644506605332,50.024095135166554,48.839862285944356,49.017494201660156,51454300,80.8786364891772,2.391616593325864,46.97367812012956,44.87464571724601,41.608419690998154,38.23006334347572,44.62842292785645,42.72648575903628,1.38629558259425,2.1560952139051146,0.23552137942074935,44.62842292785645,50.047446468962285,39.20939938675061,0.24285077471215577,46.00816082870762,10.632002192550907,NaN,86.32706962790773,92.97821434059317,46.88093783813983,43.688434125356196,753555700,48.34972082115432,,,49.201711569928534,47.90892310010273,45.2730919627727,1
2026-03-31T03:00:00.000000,49.412242059014034,49.88593596182525,47.02403482843446,48.03063201904297,78931700,71.90864635498139,2.3482128180856137,47.185068899912245,45.175215841226674,41.86027115484305,38.32758143975002,45.009351921081546,42.965504834175576,1.491695979079717,2.1945187347412145,0.15369408334439916,45.009351921081546,50.24853090266425,39.77017293949884,0.23280401774142273,39.703218119798684,17.8699289142052,NaN,68.87517702094601,84.93246829065289,46.88093783813983,44.186800829261706,674624000,49.29381720759035,,,49.747772129236346,48.56353928001415,45.2730919627727,1
2026-04-01T03:00:00.000000,47.073377861720985,47.43851621078736,46.155594736420305,46.747711181640625,66488400,62.24404416965036,2.1851054878557647,47.09759735625792,45.32497730221848,42.05193546961942,38.411363825241466,45.34833946228027,43.09820627450879,1.5190775007613562,2.1926360853641245,-0.007530597508359715,45.34833946228027,50.06540246167793,40.63127646288262,0.20803685671098063,36.20273772121982,20.37789962211987,NaN,48.1250009092196,67.77574918602446,46.88093783813983,44.24107814374841,608135600,48.31353426976756,,,49.60303371110066,46.74113257770987,45.2730919627727,1
2026-04-02T03:00:00.000000,48.65235798960045,48.810255960696644,47.32009409376292,47.5174674987793,38536900,65.26093170886702,2.093818419808045,47.181571384762194,45.53378589236713,42.26627005899824,38.50197182199309,45.71643962860107,43.19275578268581,1.5578965920681178,2.1728725522529087,-0.0790541324448637,45.71643962860107,49.838778103418186,41.59410115378396,0.18034381103633013,39.06851601460802,18.450835606642464,NaN,60.12564120226491,59.041939710810176,46.88093783813983,44.24107814374841,646672500,46.78060737628276,,,47.405620016145214,46.122698541778156,45.2730919627727,1
2026-04-06T03:00:00.000000,47.359567757585204,48.356297957016764,47.25101220065431,48.29708480834961,27848100,68.04585801331683,2.0606277282855814,47.404674069479675,45.79695721769879,42.502772598188486,38.5994356328026,46.05098609924316,43.25999149462052,1.5255672466605705,2.1504235874594433,-0.0897958591738619,46.05098609924316,49.84146781078023,42.26050438770609,0.16462108773820003,37.04669783668629,17.819442524698445,NaN,72.52745943623927,60.2593671825746,47.8579308878315,44.41871527693387,674520600,47.88260585107962,,,48.445117608396316,46.95495574146259,45.2730919627727,1
2026-04-07T03:00:00.000000,48.44511655547289,48.90894348249271,47.764182275779866,47.87273406982422,33362800,64.99176644138373,1.9772893472014488,47.498286069548584,45.994650251234546,42.713359322566355,38.69170725904162,46.314971923828125,43.341637153045674,1.4983668152357328,2.1157967394078443,-0.13850739220639552,46.314971923828125,49.81577691966751,42.81416692798874,0.15117379328641217,37.65950457955515,16.847002478638096,NaN,65.77706964622135,66.14339009490851,47.8579308878315,44.714771879667936,641157800,47.96813165534022,,,48.68525111002614,47.57996535366368,45.2730919627727,1
2026-04-08T03:00:00.000000,44.11278729715969,46.027300615194086,43.945018589854925,45.99769592285156,87580500,53.553980926950516,1.7398868392180376,47.19816804020918,45.99494031519807,42.842156836303026,38.764403663656644,46.49655475616455,43.42432976700281,1.6718917198595586,2.040614759369883,-0.3007279201518456,46.49655475616455,49.472295891427095,43.520813620902004,0.12799834959247253,31.340066828376315,30.33668914466681,NaN,35.94976592288635,58.08476500178233,46.98455686251074,44.714771879667936,553577300,48.18195327603227,,,48.59972427628467,47.454963069571825,45.2730919627727,1
2026-04-09T03:00:00.000000,46.915480574987185,47.91221081735418,46.412178201097085,47.270751953125,58206500,58.849200556625334,1.6356142802304205,47.21268482279235,46.116446185476825,43.01582723304114,38.84904394514389,46.64951877593994,43.52617017600027,1.689221946619777,1.9596146635419907,-0.3240003833115701,46.64951877593994,49.43939649229525,43.859641059584625,0.11961013916371746,36.77325270323979,27.880780657432634,NaN,56.2009959755103,52.64261051487267,46.98455686251074,44.714771879667936,611783800,45.323338375966856,,,46.701658162078786,44.619376136739625,45.2730919627727,1
2026-04-10T03:00:00.000000,46.905607576839444,48.385902404785156,46.905607576839444,48.385902404785156,42860900,62.8451636147776,1.62423764719329,47.44732833919091,46.33258487303,43.226418416246794,38.94393805917017,46.848371505737305,43.611239102707216,1.6742985810002011,1.8925392602722506,-0.2683016130789606,46.848371505737305,49.53066461361803,44.16607839785658,0.1145095559000268,36.47180036798241,26.120052916846003,NaN,73.94033171787093,55.3636978720892,46.98455686251074,44.73944365276739,654644700,47.19838032385875,,,47.984582446620415,46.48454983036332,45.2730919627727,1
2026-04-13T03:00:00.000000,49.09644816272282,49.5800128261699,48.60301652289646,49.12605285644531,60941100,65.2566567093101,1.6558578408471334,47.78307324264179,46.59862944287908,43.45777662958791,39.045252634267435,47.10051517486572,43.75927022712116,1.639999426741954,1.845202976387227,-0.1893451355400937,47.10051517486572,49.632201705242956,44.568828644488484,0.10750143691541708,39.77579478213667,24.761593060678788,NaN,85.22732405115313,71.78955058151145,46.91547727584009,45.44998502650111,715585800,47.89247079546991,,,48.87933401410038,47.39903918615467,45.2730919627727,1
2026-04-14T03:00:00.000000,48.95828772522089,48.997763159761625,47.0437705604261,47.251014709472656,58646800,55.43990264318301,1.512185629383275,47.67666153600796,46.66076137303085,43.6065310640932,39.126902008150076,47.20018844604492,43.86053170845902,1.6715910602617583,1.7785995069864367,-0.2664138776031617,47.20018844604492,49.578699961597486,44.82167693049235,0.1007839838720759,36.23663314771298,29.22115821375645,NaN,54.38319611499903,71.18361729467436,46.762515708012415,45.75097799387092,656939000,49.103027401837224,,,49.60303828077799,48.62604197750455,45.2730919627727,1
2026-04-15T03:00:00.000000,47.320093737485976,47.46812096669531,46.116119364077015,46.274017333984375,61852100,51.124327599500305,1.304451933703028,47.39613269560324,46.62392860740738,43.71113836879481,39.19801758353151,47.22535343170166,43.932189940264585,1.6487632418586537,1.6837699923297549,-0.37931805862672685,47.22535343170166,49.55023017769763,44.9004766857057,0.09845883946038658,34.114177061261756,31.528431653085118,NaN,38.31171933384595,59.30741316666604,46.762515708012415,45.75097799387092,595086900,47.76418280988679,,,48.484595059347484,46.530602460011956,45.2730919627727,1
2026-04-16T03:00:00.000000,46.66876374806763,48.0405030559466,46.14572366842885,47.94181823730469,54484300,57.243021316807905,1.259876011327215,47.505269803943534,46.74944190549284,43.87704738324618,39.28502057511134,47.30331573486328,44.00922094633714,1.6663358236914465,1.598991196129247,-0.33911518480203195,47.30331573486328,49.61372584220544,44.992905627521125,0.09768491157330644,33.796944206161335,28.96766236483725,NaN,65.74682219674001,52.81391254852833,46.762515708012415,46.343095868319686,649571200,46.61941922158557,,,47.12271907909412,45.770717476475824,45.2730919627727,1
2026-04-17T03:00:00.000000,45.889140171220646,45.93848257977818,44.28055205307055,45.61281967163086,105186900,48.17350872298088,1.0248052348670313,47.126779777481,46.64119216893455,43.945116884751464,39.34798375020109,47.27568359375,44.0617132098344,1.8088308494444958,1.4841540038768037,-0.4593487690097724,47.27568359375,49.65556735216265,44.89579983533736,0.10068109342906569,28.910614730235434,32.14488588575917,NaN,27.43510579846529,43.83121577635041,46.762515708012415,46.82172653460435,544384300,47.37601498722671,,,48.60630630602457,46.71152691850682,45.2730919627727,1
2026-04-20T03:00:00.000000,46.619420532483396,46.85626559896165,45.89900706343552,46.40230941772461,41904500,51.007219020050655,0.8919335209770196,46.98188570552972,46.61844143072408,44.04147737624061,39.41817604540033,47.34229698181152,44.09941945094461,1.7684462121506597,1.3657099072968468,-0.4737763863198272,47.34229698181152,49.528976804281044,45.155617159342,0.09237742829882649,31.1656013552097,30.53045706584245,NaN,41.36214449747038,44.84802416422523,46.762515708012415,46.866134642683164,586288800,45.27728476815986,,,46.27401748324917,44.61608695654154,45.2730919627727,1
2026-04-22T03:00:00.000000,47.014165143268166,47.34969880253132,46.62928907388078,47.04376983642578,51063000,53.24412574806023,0.8288378979569941,46.994262531708934,46.65894889793377,44.15921433546355,39.494052600534914,47.42321968078613,44.1557978151429,1.7097992959118062,1.2583355054288763,-0.42949760747188215,47.42321968078613,49.42299773308594,45.42344162848632,0.08433750663749365,31.993491359998483,29.322118461145433,NaN,54.991205254493686,41.26281851680978,46.93028243962023,46.88093783813983,637351800,46.38586069337393,,,46.87271432331234,45.91545578778621,45.2730919627727,1
2026-04-23T03:00:00.000000,47.36000061035156,48.08000183105469,46.900001525878906,47.77000045776367,38666800,55.709676856676595,0.8278914862052176,47.14941011691988,46.76476333220328,44.300813791240024,39.57640034040784,47.47926845550537,44.20538599347916,1.671956510859233,1.1722467015841445,-0.3443552153789269,47.47926845550537,49.45031324239028,45.50822366862046,0.08302759713882497,33.50062101211443,27.843948232441736,NaN,67.8790732962685,54.74414101607752,46.93028243962023,46.88093783813983,676018600,47.007585904279296,,,47.385882734677814,46.66547300602727,45.2730919627727,1
2026-04-24T03:00:00.000000,47.5,47.52000045776367,46.45000076293945,47.15999984741211,34880200,53.173310837614046,0.7690543173550637,47.151528063018326,46.80240490508031,44.412938734619324,39.65185904197007,47.493468284606934,44.24194630871777,1.6468167382853034,1.0916082247383283,-0.3225539073832646,47.493468284606934,49.45025427581652,45.53668229339735,0.08240232022995035,31.58259991270815,28.201611115918496,NaN,57.05385174732022,59.9747100993608,46.93028243962023,46.88093783813983,641138400,47.583334604899086,,,48.266667683919266,47.086667378743485,45.2730919627727,1
2026-04-27T03:00:00.000000,47.220001220703125,48.16999816894531,47.16999816894531,47.369998931884766,31543600,53.9505902588154,0.730944732346579,47.195222236791615,46.856461479061686,44.528901879610125,39.72865645381002,47.49250946044922,44.280272664820984,1.6013297085172962,1.0194755262599784,-0.2885307939133994,47.49250946044922,49.449529403045375,45.535489517853065,0.08241383598505868,33.05911382132384,26.93107862657057,NaN,60.780547386497766,61.904490810028825,46.63915760641609,46.88093783813983,672682000,47.04333368937174,,,47.63666661580403,46.56666692097981,45.2730919627727,1
2026-04-28T03:00:00.000000,47.650001525878906,48.040000915527344,47.459999084472656,47.52000045776367,29389700,54.531168122796686,0.7047228745627976,47.26017788098603,46.919655667509495,44.646199863067125,39.80618226479463,47.430463790893555,44.31629301126935,1.5348062995976735,0.9565249959205422,-0.2518021213577446,47.430463790893555,49.294645071597536,45.56628251018957,0.07860691765202162,32.02828705354404,26.09133207790342,NaN,63.442511526801844,60.42563688687327,46.22527511100793,46.88093783813983,702071700,47.56999842325846,,,47.96999867757161,46.96999867757161,45.2730919627727,1
2026-04-29T03:00:00.000000,48.099998474121094,49.29999923706055,48.0,48.959999084472656,47685000,59.77430340456585,0.7910193394034195,47.600142121683355,47.113974088172654,44.81536845998499,39.89726501921928,47.42758903503418,44.391424059396485,1.5523200481476165,0.9234238646171177,-0.13240452521369817,47.42758903503418,49.281615304080184,45.57356276598818,0.07818345004535043,35.202776028351565,23.954321584466403,NaN,88.30043719080814,70.84116536803592,46.79027564506555,46.88093783813983,749756700,47.67333348592122,,,47.88666788736978,47.306666056315095,45.2730919627727,1
2026-04-30T03:00:00.000000,48.810001373291016,49.380001068115234,48.290000915527344,49.08000183105469,36666100,60.18632814138059,0.8591889330725166,47.89611406355762,47.30121482558999,44.982608984340665,39.988635534759936,47.48005752563476,44.44958521851036,1.519297198464779,0.9105768783081974,-0.0513879452356808,47.48005752563476,49.460990959929504,45.49912409134002,0.08344275628668829,33.77491431855006,22.726770253091814,NaN,90.56487034202947,80.7692730198798,46.83027656059289,46.98455686251074,786422800,48.7533327738444,43.42691740727753,,49.5066655476888,48.20666631062825,45.2730919627727,1
2026-05-04T03:00:00.000000,49.279998779296875,49.849998474121094,48.91999816894531,49.34000015258789,41319600,61.115634221100606,0.9235474388549747,48.184891281363676,47.49538485673264,45.153487069369966,40.08168393891743,47.60967197418213,44.51983402635658,1.4772045632298505,0.9131709904175529,0.010376448437421804,47.60967197418213,49.723611640716875,45.49573230764738,0.08880295027788047,34.52870584600125,21.70476733346801,NaN,90.84292615500188,89.90274456261317,47.87450276877831,46.98455686251074,827742400,48.91666793823242,43.66623274041986,,49.5433349609375,48.45333480834961,45.2730919627727,1
2026-05-05T03:00:00.000000,48.880001068115234,49.029998779296875,48.33000183105469,48.65999984741211,28066500,57.345562522595536,0.9092009738687494,48.279912994573365,47.606300570130685,45.290997374391225,40.16704031611638,47.66679859161377,44.559726619858814,1.4438326888229471,0.9123769871077922,-0.0031760132390428186,47.66679859161377,49.83139104421973,45.50220613900781,0.09082180958495438,32.80343991124587,23.53906451346774,NaN,78.63344869947561,86.68041506550232,48.14999961853027,46.98455686251074,799675900,49.369998931884766,43.76738588625757,,49.81999969482422,48.88999938964844,45.2730919627727,1
2026-05-06T03:00:00.000000,46.709999084472656,47.4900016784668,46.59000015258789,47.27000045776367,62009100,50.48930857099048,0.7767164591199034,48.077930487211425,47.57427198800049,45.36860533844504,40.23771653643128,47.615444374084475,44.61285745575853,1.4885589035373237,0.8852448815102145,-0.10852842239031113,47.615444374084475,49.76576284444049,45.46512590372846,0.09032021011763822,29.5451058442642,29.550358446798604,NaN,53.675862530862325,74.3840791284466,48.14999961853027,46.98455686251074,737666800,48.67333348592122,44.088117201211546,,49.01666514078775,48.31666819254556,45.2730919627727,1
2026-05-07T03:00:00.000000,46.400001525878906,46.650001525878906,45.20000076293945,46.220001220703125,71214500,46.01387661154826,0.5803059576096246,47.706344633909765,47.445293819686455,45.40199341225909,40.297241757170305,47.53280773162842,44.645732233471335,1.5300903886292447,0.8242570967300965,-0.24395113912047195,47.53280773162842,49.76689143886852,45.298724024388314,0.09400175642279762,26.690075629071405,33.183696832576224,NaN,34.823015090012184,55.7107754401167,47.52499961853027,46.98455686251074,666452300,47.11666742960612,44.56921182907257,,47.643334706624344,46.74333318074544,45.2730919627727,1
2026-05-08T03:00:00.000000,46.38999938964844,46.54999923706055,45.66999816894531,45.66999816894531,32914200,43.82261310835796,0.37593502543018076,47.29907534091687,47.276218043425395,45.41250340271737,40.35070201997404,47.51642284393311,44.6597746474562,1.4836554371639583,0.7345926824701133,-0.3586576570399326,47.51642284393311,49.80212160672207,45.230724081144146,0.09620668501483372,25.559311779897268,31.777821282363817,NaN,24.947652079444477,37.81550990010633,47.52499961853027,46.91547727584009,633538100,46.02333450317383,45.28468598174801,,46.8466682434082,45.39666748046875,45.2730919627727,1
2026-05-11T03:00:00.000000,46.209999084472656,46.5099983215332,45.650001525878906,46.43000030517578,50622200,47.540245414455384,0.2721581404255815,47.12526033376865,47.19562587787781,45.452405242029464,40.41119255017505,47.474385261535645,44.68456018886161,1.4391083913418397,0.642105774061207,-0.36994763363562544,47.474385261535645,49.80949964133193,45.13927088173936,0.09837365421088358,24.468312541257294,30.520636113236286,NaN,26.451616078833833,28.7407610827635,47.52499961853027,46.89750853198801,684160300,45.963331858317055,45.533869333700764,,46.2566655476888,45.37666447957356,45.2730919627727,1
2026-05-12T03:00:00.000000,46.25,46.25,45.400001525878906,45.68000030517578,81072700,44.41646818028785,0.1279208870410642,46.83620832805008,47.05128058523952,45.461330538623436,40.463618497986005,47.33909015655517,44.712056813920945,1.4098862761957707,0.5392687966571784,-0.4113479096161142,47.33909015655517,49.763677570290746,44.9145027428196,0.1024348970678235,23.19149567643734,30.19456027249725,NaN,10.322575881749248,20.57394801334252,47.52499961853027,46.89750853198801,603087600,46.1966667175293,45.56100799094412,,46.74333190917969,45.88333511352539,45.2730919627727,1
